Process,PID,User,Handle,Type,Share Flags,Name 
steamwebhelper.exe,12168,DAVINASCIMENTO\dadn,0x000000A4,File,RW-,C:\Windows\WinSxS\amd64_microsoft.windows.common-controls_6595b64144ccf1df_6.0.22621.3672_none_2713b9d173822955 
steamwebhelper.exe,12168,DAVINASCIMENTO\dadn,0x000000A8,File,R-D,C:\Program Files (x86)\Steam\bin\cef\cef.win7x64\chrome_200_percent.pak 
steamwebhelper.exe,12168,DAVINASCIMENTO\dadn,0x00000354,File,RW-,C:\Program Files (x86)\Steam\bin\cef\cef.win7x64\icudtl.dat 
steamwebhelper.exe,12168,DAVINASCIMENTO\dadn,0x00000384,File,RW-,C:\Program Files (x86)\Steam\logs\cef_log.txt 
steamwebhelper.exe,12168,DAVINASCIMENTO\dadn,0x00000394,File,R-D,C:\Program Files (x86)\Steam\bin\cef\cef.win7x64\locales\pt-BR.pak 
steamwebhelper.exe,12168,DAVINASCIMENTO\dadn,0x000003A0,File,R-D,C:\Program Files (x86)\Steam\bin\cef\cef.win7x64\resources.pak 
steamwebhelper.exe,12168,DAVINASCIMENTO\dadn,0x000003A4,File,R--,C:\Program Files (x86)\Steam\logs\webhelper.txt 
steamwebhelper.exe,12168,DAVINASCIMENTO\dadn,0x000003E0,Section,,\Sessions\1\BaseNamedObjects\windows_shell_global_counters 
steamwebhelper.exe,12168,DAVINASCIMENTO\dadn,0x000003F4,File,R-D,C:\Program Files (x86)\Steam\bin\cef\cef.win7x64\chrome_100_percent.pak 
steamwebhelper.exe,12168,DAVINASCIMENTO\dadn,0x000004B8,Section,,\Sessions\1\BaseNamedObjects\2f88HWNDInterface:20ae8 
steamwebhelper.exe,12168,DAVINASCIMENTO\dadn,0x000005E0,Section,,\BaseNamedObjects\__ComCatalogCache__ 
steamwebhelper.exe,12168,DAVINASCIMENTO\dadn,0x000005E4,Section,,\Windows\Theme3509638056 
steamwebhelper.exe,12168,DAVINASCIMENTO\dadn,0x000005E8,Section,,\Sessions\1\Windows\Theme390353634 
steamwebhelper.exe,12168,DAVINASCIMENTO\dadn,0x000005F8,Section,,\BaseNamedObjects\__ComCatalogCache__ 
steamwebhelper.exe,12168,DAVINASCIMENTO\dadn,0x00000674,File,RWD,C:\Windows\System32\drivers\etc 
steamwebhelper.exe,12168,DAVINASCIMENTO\dadn,0x000006C4,File,R-D,C:\Windows\apppatch\DirectXApps.sdb 
steamwebhelper.exe,12168,DAVINASCIMENTO\dadn,0x00000804,File,RW-,C:\Program Files (x86)\Steam 
steamwebhelper.exe,12168,DAVINASCIMENTO\dadn,0x00000870,Section,,\Sessions\1\BaseNamedObjects\SteamChrome_MasterStream_spid11136_mem-IPCWrapper 
steamwebhelper.exe,12168,DAVINASCIMENTO\dadn,0x00000898,File,RW-,C:\Users\dadn\AppData\Local\Steam\htmlcache\Visited Links 
steamwebhelper.exe,12168,DAVINASCIMENTO\dadn,0x000008F8,File,RW-,C:\Users\dadn\AppData\Local\Steam\htmlcache\000003.log 
steamwebhelper.exe,12168,DAVINASCIMENTO\dadn,0x00000900,File,RW-,C:\Users\dadn\AppData\Local\Steam\htmlcache\LOCK 
steamwebhelper.exe,12168,DAVINASCIMENTO\dadn,0x00000910,File,RW-,C:\Users\dadn\AppData\Local\Steam\htmlcache\MANIFEST-000001 
steamwebhelper.exe,12168,DAVINASCIMENTO\dadn,0x000009E4,File,RW-,C:\Users\dadn\AppData\Local\Steam\htmlcache\LOG 
steamwebhelper.exe,12168,DAVINASCIMENTO\dadn,0x000009EC,Section,,\Sessions\1\BaseNamedObjects\SteamChrome_ClientStream_11136_49389_client_mem-IPCWrapper 
steamwebhelper.exe,12168,DAVINASCIMENTO\dadn,0x00000A10,Section,,\Sessions\1\BaseNamedObjects\SteamChrome_ClientStream_11136_49389_server_mem-IPCWrapper 
steamwebhelper.exe,12168,DAVINASCIMENTO\dadn,0x00000A64,File,RWD,C:\Users\dadn\AppData\Local\Steam\htmlcache\GPUCache\data_0 
steamwebhelper.exe,12168,DAVINASCIMENTO\dadn,0x00000A88,Section,,\Sessions\1\BaseNamedObjects\2f88HWNDInterface:10ba4 
steamwebhelper.exe,12168,DAVINASCIMENTO\dadn,0x00000BAC,File,RW-,C:\Users\dadn\AppData\Local\Steam\htmlcache\Local Storage\leveldb\LOCK 
steamwebhelper.exe,12168,DAVINASCIMENTO\dadn,0x00000BDC,File,RWD,C:\Users\dadn\AppData\Local\Steam\htmlcache\DawnCache\data_3 
steamwebhelper.exe,12168,DAVINASCIMENTO\dadn,0x00000C74,File,RWD,C:\Users\dadn\AppData\Local\Steam\htmlcache\DawnCache\data_3 
steamwebhelper.exe,12168,DAVINASCIMENTO\dadn,0x00000C78,File,RWD,C:\Users\dadn\AppData\Local\Steam\htmlcache\GPUCache\index 
steamwebhelper.exe,12168,DAVINASCIMENTO\dadn,0x00000C80,File,RWD,C:\Users\dadn\AppData\Local\Steam\htmlcache\GPUCache\data_1 
steamwebhelper.exe,12168,DAVINASCIMENTO\dadn,0x00000C8C,File,RWD,C:\Users\dadn\AppData\Local\Steam\htmlcache\GPUCache\data_0 
steamwebhelper.exe,12168,DAVINASCIMENTO\dadn,0x00000C94,File,RWD,C:\Users\dadn\AppData\Local\Steam\htmlcache\GPUCache\index 
steamwebhelper.exe,12168,DAVINASCIMENTO\dadn,0x00000CA0,File,RWD,C:\Users\dadn\AppData\Local\Steam\htmlcache\GPUCache\data_1 
steamwebhelper.exe,12168,DAVINASCIMENTO\dadn,0x00000CA8,File,RWD,C:\Users\dadn\AppData\Local\Steam\htmlcache\GPUCache\data_2 
steamwebhelper.exe,12168,DAVINASCIMENTO\dadn,0x00000CAC,File,RWD,C:\Users\dadn\AppData\Local\Steam\htmlcache\GPUCache\data_2 
steamwebhelper.exe,12168,DAVINASCIMENTO\dadn,0x00000CB8,File,RWD,C:\Users\dadn\AppData\Local\Steam\htmlcache\GPUCache\data_3 
steamwebhelper.exe,12168,DAVINASCIMENTO\dadn,0x00000CC0,File,RWD,C:\Users\dadn\AppData\Local\Steam\htmlcache\GPUCache\data_3 
steamwebhelper.exe,12168,DAVINASCIMENTO\dadn,0x00000CD0,File,RWD,C:\Users\dadn\AppData\Local\Steam\htmlcache\DawnCache\index 
steamwebhelper.exe,12168,DAVINASCIMENTO\dadn,0x00000CD8,File,RWD,C:\Users\dadn\AppData\Local\Steam\htmlcache\DawnCache\index 
steamwebhelper.exe,12168,DAVINASCIMENTO\dadn,0x00000CE0,File,RWD,C:\Users\dadn\AppData\Local\Steam\htmlcache\DawnCache\data_0 
steamwebhelper.exe,12168,DAVINASCIMENTO\dadn,0x00000CE4,File,RWD,C:\Users\dadn\AppData\Local\Steam\htmlcache\DawnCache\data_0 
steamwebhelper.exe,12168,DAVINASCIMENTO\dadn,0x00000CEC,File,RWD,C:\Users\dadn\AppData\Local\Steam\htmlcache\DawnCache\data_1 
steamwebhelper.exe,12168,DAVINASCIMENTO\dadn,0x00000CF0,File,RWD,C:\Users\dadn\AppData\Local\Steam\htmlcache\DawnCache\data_1 
steamwebhelper.exe,12168,DAVINASCIMENTO\dadn,0x00000CF8,File,RWD,C:\Users\dadn\AppData\Local\Steam\htmlcache\DawnCache\data_2 
steamwebhelper.exe,12168,DAVINASCIMENTO\dadn,0x00000CFC,File,RWD,C:\Users\dadn\AppData\Local\Steam\htmlcache\DawnCache\data_2 
steamwebhelper.exe,12168,DAVINASCIMENTO\dadn,0x00000D24,File,RW-,C:\Users\dadn\AppData\Local\Steam\htmlcache\Session Storage\LOCK 
steamwebhelper.exe,12168,DAVINASCIMENTO\dadn,0x00000D50,File,R-D,C:\Windows\System32\en-US\kernel32.dll.mui 
steamwebhelper.exe,12168,DAVINASCIMENTO\dadn,0x00000E6C,Section,,\Sessions\1\BaseNamedObjects\2f88HWNDInterface:20ae8 
steamwebhelper.exe,12168,DAVINASCIMENTO\dadn,0x00000FBC,Section,,\Sessions\1\BaseNamedObjects\2f88HWNDInterface:10ba4 
steamwebhelper.exe,12168,DAVINASCIMENTO\dadn,0x00001020,Section,,\Sessions\1\BaseNamedObjects\2f88HWNDInterface:100b42 
steamwebhelper.exe,12168,DAVINASCIMENTO\dadn,0x00001024,Section,,\Sessions\1\BaseNamedObjects\2f88HWNDInterface:100b42 
steamwebhelper.exe,12168,DAVINASCIMENTO\dadn,0x00001048,Section,,\Sessions\1\BaseNamedObjects\2f88HWNDInterface:20b5e 
steamwebhelper.exe,12168,DAVINASCIMENTO\dadn,0x00001070,Section,,\Sessions\1\BaseNamedObjects\2f88HWNDInterface:10bc2 
steamwebhelper.exe,12168,DAVINASCIMENTO\dadn,0x00001074,Section,,\Sessions\1\BaseNamedObjects\2f88HWNDInterface:10bc2 
steamwebhelper.exe,12168,DAVINASCIMENTO\dadn,0x00001080,Section,,\Sessions\1\BaseNamedObjects\2f88HWNDInterface:40b5c 
steamwebhelper.exe,12168,DAVINASCIMENTO\dadn,0x00001090,Section,,\Sessions\1\BaseNamedObjects\2f88HWNDInterface:180b46 
steamwebhelper.exe,12168,DAVINASCIMENTO\dadn,0x00001094,Section,,\Sessions\1\BaseNamedObjects\2f88HWNDInterface:180b46 
steamwebhelper.exe,12168,DAVINASCIMENTO\dadn,0x000010A4,Section,,\Sessions\1\BaseNamedObjects\2f88HWNDInterface:40b5c 
steamwebhelper.exe,12168,DAVINASCIMENTO\dadn,0x000010B0,Section,,\Sessions\1\BaseNamedObjects\2f88HWNDInterface:40b6e 
steamwebhelper.exe,12168,DAVINASCIMENTO\dadn,0x000010C0,Section,,\Sessions\1\BaseNamedObjects\2f88HWNDInterface:50b74 
steamwebhelper.exe,12168,DAVINASCIMENTO\dadn,0x000010D4,Section,,\Sessions\1\BaseNamedObjects\2f88HWNDInterface:20b5e 
steamwebhelper.exe,12168,DAVINASCIMENTO\dadn,0x000010FC,Section,,\Sessions\1\BaseNamedObjects\2f88HWNDInterface:10bd2 
steamwebhelper.exe,12168,DAVINASCIMENTO\dadn,0x00001100,Section,,\Sessions\1\BaseNamedObjects\2f88HWNDInterface:40b6e 
steamwebhelper.exe,12168,DAVINASCIMENTO\dadn,0x00001140,Section,,\Sessions\1\BaseNamedObjects\2f88HWNDInterface:50b74 
steamwebhelper.exe,12168,DAVINASCIMENTO\dadn,0x000011B0,Section,,\Sessions\1\BaseNamedObjects\2f88HWNDInterface:10be2 
steamwebhelper.exe,12168,DAVINASCIMENTO\dadn,0x000011B8,Section,,\Sessions\1\BaseNamedObjects\2f88HWNDInterface:10bd2 
steamwebhelper.exe,12168,DAVINASCIMENTO\dadn,0x000011F8,Section,,\Sessions\1\BaseNamedObjects\2f88HWNDInterface:10be2 
steamwebhelper.exe,12168,DAVINASCIMENTO\dadn,0x00001218,Section,,\Sessions\1\BaseNamedObjects\2f88HWNDInterface:10bf4 
steamwebhelper.exe,12168,DAVINASCIMENTO\dadn,0x00001228,Section,,\Sessions\1\BaseNamedObjects\2f88HWNDInterface:10c12 
steamwebhelper.exe,12168,DAVINASCIMENTO\dadn,0x00001230,Section,,\Sessions\1\BaseNamedObjects\2f88HWNDInterface:10bf4 
steamwebhelper.exe,12168,DAVINASCIMENTO\dadn,0x00001270,Section,,\Sessions\1\BaseNamedObjects\2f88HWNDInterface:10c04 
steamwebhelper.exe,12168,DAVINASCIMENTO\dadn,0x00001278,Section,,\Sessions\1\BaseNamedObjects\2f88HWNDInterface:10c04 
steamwebhelper.exe,12168,DAVINASCIMENTO\dadn,0x000012AC,Section,,\Sessions\1\BaseNamedObjects\2f88HWNDInterface:10c12 
steamwebhelper.exe,12668,DAVINASCIMENTO\dadn,0x0000004C,File,RW-,C:\Program Files (x86)\Steam 
steamwebhelper.exe,12668,DAVINASCIMENTO\dadn,0x000000B8,File,RW-,C:\Windows\WinSxS\amd64_microsoft.windows.common-controls_6595b64144ccf1df_6.0.22621.3672_none_2713b9d173822955 
steamwebhelper.exe,12668,DAVINASCIMENTO\dadn,0x00000318,File,RW-,C:\Program Files (x86)\Steam\bin\cef\cef.win7x64\debug.log 
steamwebhelper.exe,12668,DAVINASCIMENTO\dadn,0x00000340,Section,,\Windows\Theme3509638056 
steamwebhelper.exe,12668,DAVINASCIMENTO\dadn,0x00000348,Section,,\Sessions\1\Windows\Theme390353634 
steamwebhelper.exe,12668,DAVINASCIMENTO\dadn,0x00000364,File,RWD,C:\Users\dadn\AppData\Local\CEF\User Data\CrashpadMetrics-active.pma 
steamwebhelper.exe,14856,DAVINASCIMENTO\dadn,0x00000090,File,RW-,C:\Program Files (x86)\Steam 
steamwebhelper.exe,14856,DAVINASCIMENTO\dadn,0x000000F0,File,RW-,C:\Windows\WinSxS\amd64_microsoft.windows.common-controls_6595b64144ccf1df_6.0.22621.3672_none_2713b9d173822955 
steamwebhelper.exe,14856,DAVINASCIMENTO\dadn,0x00000364,Section,,\Sessions\1\BaseNamedObjects\SteamWebHelper_GPUProcPIDStream_mem-IPCWrapper 
steamwebhelper.exe,14856,DAVINASCIMENTO\dadn,0x0000036C,File,RW-,C:\Program Files (x86)\Steam\bin\cef\cef.win7x64\icudtl.dat 
steamwebhelper.exe,14856,DAVINASCIMENTO\dadn,0x00000378,File,R-D,C:\Program Files (x86)\Steam\bin\cef\cef.win7x64\locales\pt-BR.pak 
steamwebhelper.exe,14856,DAVINASCIMENTO\dadn,0x00000380,File,R-D,C:\Program Files (x86)\Steam\bin\cef\cef.win7x64\resources.pak 
steamwebhelper.exe,14856,DAVINASCIMENTO\dadn,0x00000388,File,R-D,C:\Program Files (x86)\Steam\bin\cef\cef.win7x64\chrome_100_percent.pak 
steamwebhelper.exe,14856,DAVINASCIMENTO\dadn,0x00000390,File,R-D,C:\Program Files (x86)\Steam\bin\cef\cef.win7x64\chrome_200_percent.pak 
steamwebhelper.exe,14856,DAVINASCIMENTO\dadn,0x000003D0,File,R-D,C:\Windows\apppatch\DirectXApps.sdb 
steamwebhelper.exe,14856,DAVINASCIMENTO\dadn,0x000005D4,Section,,\Sessions\1\BaseNamedObjects\windows_shell_global_counters 
steamwebhelper.exe,14856,DAVINASCIMENTO\dadn,0x00000A94,Section,,\Sessions\1\BaseNamedObjects\3849834a4b40 
steamwebhelper.exe,14856,DAVINASCIMENTO\dadn,0x00000AA8,Section,,\Sessions\1\BaseNamedObjects\3849834a4e80 
steamwebhelper.exe,14856,DAVINASCIMENTO\dadn,0x00000AC4,Section,,\Sessions\1\BaseNamedObjects\384982d98ec0 
steamwebhelper.exe,14856,DAVINASCIMENTO\dadn,0x00000B18,Section,,\Sessions\1\BaseNamedObjects\38498340d800 
steamwebhelper.exe,14856,DAVINASCIMENTO\dadn,0x00000BA0,Section,,\Sessions\1\BaseNamedObjects\3849834aa480 
steamwebhelper.exe,14856,DAVINASCIMENTO\dadn,0x00000BB4,Section,,\Sessions\1\BaseNamedObjects\3849834a5f00 
steamwebhelper.exe,14856,DAVINASCIMENTO\dadn,0x00000C4C,Section,,\Sessions\1\BaseNamedObjects\3849834a47c0 
steamwebhelper.exe,14856,DAVINASCIMENTO\dadn,0x00000CC0,Section,,\Sessions\1\BaseNamedObjects\3849834aae80 
steamwebhelper.exe,14856,DAVINASCIMENTO\dadn,0x00000CC4,Section,,\Sessions\1\BaseNamedObjects\384982d97440 
steamwebhelper.exe,14856,DAVINASCIMENTO\dadn,0x00000D28,Section,,\Sessions\1\BaseNamedObjects\3849834a5500 
steamwebhelper.exe,14856,DAVINASCIMENTO\dadn,0x00000D2C,Section,,\Sessions\1\BaseNamedObjects\3849834a86c0 
steamwebhelper.exe,14856,DAVINASCIMENTO\dadn,0x00000D98,Section,,\Sessions\1\BaseNamedObjects\3849834aa800 
steamwebhelper.exe,14856,DAVINASCIMENTO\dadn,0x00000DA4,Section,,\Sessions\1\BaseNamedObjects\3849834a65c0 
steamwebhelper.exe,14856,DAVINASCIMENTO\dadn,0x00000DB0,Section,,\Sessions\1\BaseNamedObjects\3849834a51c0 
steamwebhelper.exe,14856,DAVINASCIMENTO\dadn,0x00000DC4,Section,,\Sessions\1\BaseNamedObjects\3849834a5bc0 
steamwebhelper.exe,14856,DAVINASCIMENTO\dadn,0x00000DE8,Section,,\Sessions\1\BaseNamedObjects\3849834a5880 
steamwebhelper.exe,14856,DAVINASCIMENTO\dadn,0x00000E10,Section,,\Sessions\1\BaseNamedObjects\38498340e1c0 
steamwebhelper.exe,14856,DAVINASCIMENTO\dadn,0x00000E14,Section,,\Sessions\1\BaseNamedObjects\3849834a90c0 
steamwebhelper.exe,14856,DAVINASCIMENTO\dadn,0x00000E88,Section,,\Sessions\1\BaseNamedObjects\3849834a8040 
steamwebhelper.exe,14856,DAVINASCIMENTO\dadn,0x00000EB8,Section,,\Sessions\1\BaseNamedObjects\3849834a9400 
steamwebhelper.exe,14856,DAVINASCIMENTO\dadn,0x00000F00,Section,,\Sessions\1\BaseNamedObjects\3849834aa140 
steamwebhelper.exe,14856,DAVINASCIMENTO\dadn,0x00000F04,Section,,\Sessions\1\BaseNamedObjects\3849834a6900 
steamwebhelper.exe,14856,DAVINASCIMENTO\dadn,0x00000F24,Section,,\Sessions\1\BaseNamedObjects\3849834a9740 
steamwebhelper.exe,14856,DAVINASCIMENTO\dadn,0x00000F78,Section,,\Sessions\1\BaseNamedObjects\3849834ab540 
steamwebhelper.exe,14856,DAVINASCIMENTO\dadn,0x00000FAC,Section,,\Sessions\1\BaseNamedObjects\3849834a6240 
steamwebhelper.exe,14856,DAVINASCIMENTO\dadn,0x00000FC4,Section,,\Sessions\1\BaseNamedObjects\3849834a4480 
steamwebhelper.exe,14856,DAVINASCIMENTO\dadn,0x00000FE0,Section,,\Sessions\1\BaseNamedObjects\3849834eeb80 
steamwebhelper.exe,14856,DAVINASCIMENTO\dadn,0x00000FF8,Section,,\Sessions\1\BaseNamedObjects\3849834ee500 
steamwebhelper.exe,9808,DAVINASCIMENTO\dadn,0x00000050,File,RW-,C:\Program Files (x86)\Steam 
steamwebhelper.exe,9808,DAVINASCIMENTO\dadn,0x000000C0,File,RW-,C:\Windows\WinSxS\amd64_microsoft.windows.common-controls_6595b64144ccf1df_6.0.22621.3672_none_2713b9d173822955 
steamwebhelper.exe,9808,DAVINASCIMENTO\dadn,0x00000324,File,RW-,C:\Program Files (x86)\Steam\logs\cef_log.txt 
steamwebhelper.exe,9808,DAVINASCIMENTO\dadn,0x0000032C,File,RW-,C:\Program Files (x86)\Steam\bin\cef\cef.win7x64\icudtl.dat 
steamwebhelper.exe,9808,DAVINASCIMENTO\dadn,0x00000334,File,RW-,C:\Program Files (x86)\Steam\bin\cef\cef.win7x64\v8_context_snapshot.bin 
steamwebhelper.exe,9808,DAVINASCIMENTO\dadn,0x00000340,File,R-D,C:\Program Files (x86)\Steam\bin\cef\cef.win7x64\locales\pt-BR.pak 
steamwebhelper.exe,9808,DAVINASCIMENTO\dadn,0x00000348,File,R-D,C:\Program Files (x86)\Steam\bin\cef\cef.win7x64\resources.pak 
steamwebhelper.exe,9808,DAVINASCIMENTO\dadn,0x00000350,File,R-D,C:\Program Files (x86)\Steam\bin\cef\cef.win7x64\chrome_100_percent.pak 
steamwebhelper.exe,9808,DAVINASCIMENTO\dadn,0x00000358,File,R-D,C:\Program Files (x86)\Steam\bin\cef\cef.win7x64\chrome_200_percent.pak 
steamwebhelper.exe,9808,DAVINASCIMENTO\dadn,0x0000044C,File,RWD,C:\Windows\System32\drivers\etc 
steamwebhelper.exe,9808,DAVINASCIMENTO\dadn,0x00000550,File,RWD,C:\Users\dadn\AppData\Local\Steam\htmlcache\Cache\Cache_Data\data_3 
steamwebhelper.exe,9808,DAVINASCIMENTO\dadn,0x0000055C,File,RW-,C:\Users\dadn\AppData\Local\Steam\htmlcache\Network\Cookies 
steamwebhelper.exe,9808,DAVINASCIMENTO\dadn,0x00000564,File,RWD,C:\Users\dadn\AppData\Local\Steam\htmlcache\Cache\Cache_Data\index 
steamwebhelper.exe,9808,DAVINASCIMENTO\dadn,0x00000568,File,RWD,C:\Users\dadn\AppData\Local\Steam\htmlcache\Cache\Cache_Data\index 
steamwebhelper.exe,9808,DAVINASCIMENTO\dadn,0x00000570,File,RWD,C:\Users\dadn\AppData\Local\Steam\htmlcache\Cache\Cache_Data\data_2 
steamwebhelper.exe,9808,DAVINASCIMENTO\dadn,0x00000574,File,RWD,C:\Users\dadn\AppData\Local\Steam\htmlcache\Cache\Cache_Data\data_0 
steamwebhelper.exe,9808,DAVINASCIMENTO\dadn,0x00000578,File,RWD,C:\Users\dadn\AppData\Local\Steam\htmlcache\Cache\Cache_Data\data_0 
steamwebhelper.exe,9808,DAVINASCIMENTO\dadn,0x00000580,File,RWD,C:\Users\dadn\AppData\Local\Steam\htmlcache\Cache\Cache_Data\data_1 
steamwebhelper.exe,9808,DAVINASCIMENTO\dadn,0x00000584,File,RWD,C:\Users\dadn\AppData\Local\Steam\htmlcache\Cache\Cache_Data\data_1 
steamwebhelper.exe,9808,DAVINASCIMENTO\dadn,0x0000058C,File,RWD,C:\Users\dadn\AppData\Local\Steam\htmlcache\Cache\Cache_Data\data_2 
steamwebhelper.exe,9808,DAVINASCIMENTO\dadn,0x00000594,File,RWD,C:\Users\dadn\AppData\Local\Steam\htmlcache\Cache\Cache_Data\data_3 
steamwebhelper.exe,9808,DAVINASCIMENTO\dadn,0x000005B0,File,RW-,C:\Users\dadn\AppData\Local\Steam\htmlcache\Network\Reporting and NEL 
steamwebhelper.exe,9808,DAVINASCIMENTO\dadn,0x00000984,File,RW-,C:\Users\dadn\AppData\Local\Steam\htmlcache\Network\Cookies-journal 
steamwebhelper.exe,15180,DAVINASCIMENTO\dadn,0x00000090,File,RW-,C:\Program Files (x86)\Steam 
steamwebhelper.exe,15180,DAVINASCIMENTO\dadn,0x000000EC,File,RW-,C:\Windows\WinSxS\amd64_microsoft.windows.common-controls_6595b64144ccf1df_6.0.22621.3672_none_2713b9d173822955 
steamwebhelper.exe,15180,DAVINASCIMENTO\dadn,0x00000160,File,RW-,C:\Users\dadn\AppData\Local\Steam\htmlcache\Local Storage\leveldb\MANIFEST-000001 
steamwebhelper.exe,15180,DAVINASCIMENTO\dadn,0x00000348,File,RW-,C:\Program Files (x86)\Steam\bin\cef\cef.win7x64\icudtl.dat 
steamwebhelper.exe,15180,DAVINASCIMENTO\dadn,0x00000350,File,RW-,C:\Program Files (x86)\Steam\bin\cef\cef.win7x64\v8_context_snapshot.bin 
steamwebhelper.exe,15180,DAVINASCIMENTO\dadn,0x0000035C,File,R-D,C:\Program Files (x86)\Steam\bin\cef\cef.win7x64\locales\pt-BR.pak 
steamwebhelper.exe,15180,DAVINASCIMENTO\dadn,0x00000364,File,R-D,C:\Program Files (x86)\Steam\bin\cef\cef.win7x64\resources.pak 
steamwebhelper.exe,15180,DAVINASCIMENTO\dadn,0x0000036C,File,R-D,C:\Program Files (x86)\Steam\bin\cef\cef.win7x64\chrome_100_percent.pak 
steamwebhelper.exe,15180,DAVINASCIMENTO\dadn,0x00000374,File,R-D,C:\Program Files (x86)\Steam\bin\cef\cef.win7x64\chrome_200_percent.pak 
steamwebhelper.exe,15180,DAVINASCIMENTO\dadn,0x000003F0,File,RW-,C:\Users\dadn\AppData\Local\Steam\htmlcache\Local Storage\leveldb\LOG 
steamwebhelper.exe,15180,DAVINASCIMENTO\dadn,0x000003F4,File,RW-,C:\Users\dadn\AppData\Local\Steam\htmlcache\Session Storage\000082.log 
steamwebhelper.exe,15180,DAVINASCIMENTO\dadn,0x000003F8,File,RW-,C:\Users\dadn\AppData\Local\Steam\htmlcache\Local Storage\leveldb\000205.log 
steamwebhelper.exe,15180,DAVINASCIMENTO\dadn,0x000003FC,File,RW-,C:\Users\dadn\AppData\Local\Steam\htmlcache\Local Storage\leveldb\000206.ldb 
steamwebhelper.exe,15180,DAVINASCIMENTO\dadn,0x00000404,File,RW-,C:\Users\dadn\AppData\Local\Steam\htmlcache\Local Storage\leveldb\000203.ldb 
steamwebhelper.exe,15180,DAVINASCIMENTO\dadn,0x00000408,File,RW-,C:\Users\dadn\AppData\Local\Steam\htmlcache\Local Storage\leveldb\000201.ldb 
steamwebhelper.exe,15180,DAVINASCIMENTO\dadn,0x0000040C,File,RW-,C:\Users\dadn\AppData\Local\Steam\htmlcache\Local Storage\leveldb\000005.ldb 
steamwebhelper.exe,15180,DAVINASCIMENTO\dadn,0x00000414,File,RW-,C:\Users\dadn\AppData\Local\Steam\htmlcache\Session Storage\LOG 
steamwebhelper.exe,15180,DAVINASCIMENTO\dadn,0x00000418,File,RW-,C:\Users\dadn\AppData\Local\Steam\htmlcache\Session Storage\MANIFEST-000001 
steamwebhelper.exe,15180,DAVINASCIMENTO\dadn,0x00000420,File,RW-,C:\Users\dadn\AppData\Local\Steam\htmlcache\Session Storage\000005.ldb 
steamwebhelper.exe,15180,DAVINASCIMENTO\dadn,0x00000430,File,RW-,C:\Users\dadn\AppData\Local\Steam\htmlcache\Session Storage\000084.ldb 
steamwebhelper.exe,2036,DAVINASCIMENTO\dadn,0x00000090,File,RW-,C:\Program Files (x86)\Steam 
steamwebhelper.exe,2036,DAVINASCIMENTO\dadn,0x000000FC,File,RW-,C:\Windows\WinSxS\amd64_microsoft.windows.common-controls_6595b64144ccf1df_6.0.22621.3672_none_2713b9d173822955 
steamwebhelper.exe,2036,DAVINASCIMENTO\dadn,0x00000540,Section,,\BaseNamedObjects\__ComCatalogCache__ 
steamwebhelper.exe,2036,DAVINASCIMENTO\dadn,0x00000550,Section,,\BaseNamedObjects\__ComCatalogCache__ 
steamwebhelper.exe,2036,DAVINASCIMENTO\dadn,0x000005DC,File,RW-,C:\Program Files (x86)\Steam\bin\cef\cef.win7x64\icudtl.dat 
steamwebhelper.exe,2036,DAVINASCIMENTO\dadn,0x000005E0,File,RW-,C:\Program Files (x86)\Steam\bin\cef\cef.win7x64\v8_context_snapshot.bin 
steamwebhelper.exe,2036,DAVINASCIMENTO\dadn,0x00000610,File,R-D,C:\Program Files (x86)\Steam\bin\cef\cef.win7x64\locales\pt-BR.pak 
steamwebhelper.exe,2036,DAVINASCIMENTO\dadn,0x00000618,File,R-D,C:\Program Files (x86)\Steam\bin\cef\cef.win7x64\resources.pak 
steamwebhelper.exe,2036,DAVINASCIMENTO\dadn,0x00000620,File,R-D,C:\Program Files (x86)\Steam\bin\cef\cef.win7x64\chrome_100_percent.pak 
steamwebhelper.exe,2036,DAVINASCIMENTO\dadn,0x00000628,File,R-D,C:\Program Files (x86)\Steam\bin\cef\cef.win7x64\chrome_200_percent.pak 
steamwebhelper.exe,2036,DAVINASCIMENTO\dadn,0x00000758,File,RW-,C:\Users\dadn\AppData\Local\Temp\96b1ccf3-17cf-455b-936a-713b221e8c01.tmp 
steamwebhelper.exe,2036,DAVINASCIMENTO\dadn,0x0000082C,File,R--,C:\Windows\Fonts\arial.ttf 
steamwebhelper.exe,2036,DAVINASCIMENTO\dadn,0x0000083C,File,R--,C:\Windows\Fonts\arial.ttf 
steamwebhelper.exe,2036,DAVINASCIMENTO\dadn,0x0000086C,File,R--,C:\Windows\Fonts\arialbd.ttf 
steamwebhelper.exe,2036,DAVINASCIMENTO\dadn,0x00000870,File,R--,C:\Windows\Fonts\ariali.ttf 
steamwebhelper.exe,2036,DAVINASCIMENTO\dadn,0x0000088C,File,R--,C:\Windows\Fonts\ariblk.ttf 
steamwebhelper.exe,2036,DAVINASCIMENTO\dadn,0x000008CC,File,R--,C:\Windows\Fonts\arialbi.ttf 
steamwebhelper.exe,2036,DAVINASCIMENTO\dadn,0x000008E0,File,R--,C:\Windows\Fonts\times.ttf 
steamwebhelper.exe,2036,DAVINASCIMENTO\dadn,0x00000918,File,R--,C:\Windows\Fonts\seguiemj.ttf 
steamwebhelper.exe,2036,DAVINASCIMENTO\dadn,0x00000930,File,R--,C:\Windows\Fonts\arial.ttf 
steamwebhelper.exe,2036,DAVINASCIMENTO\dadn,0x0000095C,File,R--,C:\Windows\Fonts\times.ttf 
steamwebhelper.exe,2036,DAVINASCIMENTO\dadn,0x000009D0,File,R--,C:\Windows\Fonts\timesbi.ttf 
steamwebhelper.exe,2036,DAVINASCIMENTO\dadn,0x00000A6C,File,R--,C:\Windows\Fonts\seguisym.ttf 
steamwebhelper.exe,2036,DAVINASCIMENTO\dadn,0x00000A9C,File,R--,C:\Windows\Fonts\times.ttf 
steamwebhelper.exe,2036,DAVINASCIMENTO\dadn,0x00000B08,File,R--,C:\Windows\Fonts\timesbd.ttf 
steamwebhelper.exe,2036,DAVINASCIMENTO\dadn,0x00000B38,File,R--,C:\Windows\Fonts\cambria.ttc 
steamwebhelper.exe,2036,DAVINASCIMENTO\dadn,0x00000B60,File,R--,C:\Windows\Fonts\arialbd.ttf 
steamwebhelper.exe,2036,DAVINASCIMENTO\dadn,0x00000B6C,File,R--,C:\Windows\Fonts\cambria.ttc 
steamwebhelper.exe,2036,DAVINASCIMENTO\dadn,0x00000BD8,File,R--,C:\Windows\Fonts\seguisym.ttf 
steamwebhelper.exe,2036,DAVINASCIMENTO\dadn,0x00000BE0,File,R--,C:\Windows\Fonts\seguisym.ttf 
steamwebhelper.exe,2036,DAVINASCIMENTO\dadn,0x00000C20,File,R--,C:\Windows\Fonts\timesi.ttf 
steamwebhelper.exe,2036,DAVINASCIMENTO\dadn,0x00000C9C,File,R--,C:\Windows\Fonts\arialbd.ttf 
steamwebhelper.exe,2036,DAVINASCIMENTO\dadn,0x00000CAC,File,R--,C:\Windows\Fonts\seguiemj.ttf 
steamwebhelper.exe,6280,DAVINASCIMENTO\dadn,0x00000090,File,RW-,C:\Program Files (x86)\Steam 
steamwebhelper.exe,6280,DAVINASCIMENTO\dadn,0x000000EC,File,RW-,C:\Windows\WinSxS\amd64_microsoft.windows.common-controls_6595b64144ccf1df_6.0.22621.3672_none_2713b9d173822955 
steamwebhelper.exe,6280,DAVINASCIMENTO\dadn,0x00000548,Section,,\BaseNamedObjects\__ComCatalogCache__ 
steamwebhelper.exe,6280,DAVINASCIMENTO\dadn,0x00000558,Section,,\BaseNamedObjects\__ComCatalogCache__ 
steamwebhelper.exe,6280,DAVINASCIMENTO\dadn,0x00000618,File,RW-,C:\Program Files (x86)\Steam\bin\cef\cef.win7x64\icudtl.dat 
steamwebhelper.exe,6280,DAVINASCIMENTO\dadn,0x00000620,File,RW-,C:\Program Files (x86)\Steam\bin\cef\cef.win7x64\v8_context_snapshot.bin 
steamwebhelper.exe,6280,DAVINASCIMENTO\dadn,0x00000628,File,R-D,C:\Program Files (x86)\Steam\bin\cef\cef.win7x64\locales\pt-BR.pak 
steamwebhelper.exe,6280,DAVINASCIMENTO\dadn,0x00000630,File,R-D,C:\Program Files (x86)\Steam\bin\cef\cef.win7x64\resources.pak 
steamwebhelper.exe,6280,DAVINASCIMENTO\dadn,0x00000638,File,R-D,C:\Program Files (x86)\Steam\bin\cef\cef.win7x64\chrome_100_percent.pak 
steamwebhelper.exe,6280,DAVINASCIMENTO\dadn,0x00000640,File,R-D,C:\Program Files (x86)\Steam\bin\cef\cef.win7x64\chrome_200_percent.pak 
steamwebhelper.exe,6280,DAVINASCIMENTO\dadn,0x00000718,File,RW-,C:\Users\dadn\AppData\Local\Temp\37e7119f-988d-4d97-b079-e56d88f6ae69.tmp 
steamwebhelper.exe,6280,DAVINASCIMENTO\dadn,0x000008AC,File,R--,C:\Windows\Fonts\arial.ttf 
steamwebhelper.exe,6280,DAVINASCIMENTO\dadn,0x000008B0,File,R--,C:\Windows\Fonts\arialbd.ttf 
steamwebhelper.exe,6280,DAVINASCIMENTO\dadn,0x000008B4,File,R--,C:\Windows\Fonts\arialbi.ttf 
steamwebhelper.exe,6280,DAVINASCIMENTO\dadn,0x000008B8,File,R--,C:\Windows\Fonts\ariali.ttf 
steamwebhelper.exe,6280,DAVINASCIMENTO\dadn,0x000008BC,File,R--,C:\Windows\Fonts\ariblk.ttf 
steamwebhelper.exe,6280,DAVINASCIMENTO\dadn,0x000008C8,File,R--,C:\Windows\Fonts\arial.ttf 
steamwebhelper.exe,6280,DAVINASCIMENTO\dadn,0x000008D0,File,R--,C:\Windows\Fonts\arial.ttf 
steamwebhelper.exe,6280,DAVINASCIMENTO\dadn,0x000008D8,File,R--,C:\Windows\Fonts\arialbd.ttf 
steamwebhelper.exe,6280,DAVINASCIMENTO\dadn,0x000008E0,File,R--,C:\Windows\Fonts\arialbd.ttf 
steamwebhelper.exe,6280,DAVINASCIMENTO\dadn,0x00000920,File,R--,C:\Windows\Fonts\ariali.ttf 
steamwebhelper.exe,6280,DAVINASCIMENTO\dadn,0x00000924,File,R--,C:\Windows\Fonts\ariali.ttf 
steamwebhelper.exe,6280,DAVINASCIMENTO\dadn,0x00000930,File,R--,C:\Windows\Fonts\times.ttf 
steamwebhelper.exe,6280,DAVINASCIMENTO\dadn,0x00000940,File,R--,C:\Windows\Fonts\ariblk.ttf 
steamwebhelper.exe,6280,DAVINASCIMENTO\dadn,0x00000944,File,R--,C:\Windows\Fonts\ariblk.ttf 
steamwebhelper.exe,6280,DAVINASCIMENTO\dadn,0x00000970,File,R--,C:\Windows\Fonts\timesbd.ttf 
steamwebhelper.exe,6280,DAVINASCIMENTO\dadn,0x00000974,File,R--,C:\Windows\Fonts\timesbi.ttf 
steamwebhelper.exe,6280,DAVINASCIMENTO\dadn,0x00000978,File,R--,C:\Windows\Fonts\timesi.ttf 
steamwebhelper.exe,6280,DAVINASCIMENTO\dadn,0x0000097C,File,R--,C:\Windows\Fonts\times.ttf 
steamwebhelper.exe,6280,DAVINASCIMENTO\dadn,0x00000984,File,R--,C:\Windows\Fonts\times.ttf 
steamwebhelper.exe,6280,DAVINASCIMENTO\dadn,0x0000098C,File,R--,C:\Windows\Fonts\seguiemj.ttf 
steamwebhelper.exe,6280,DAVINASCIMENTO\dadn,0x00000990,File,R--,C:\Windows\Fonts\seguiemj.ttf 
steamwebhelper.exe,6280,DAVINASCIMENTO\dadn,0x000009B8,File,R--,C:\Windows\Fonts\cambria.ttc 
steamwebhelper.exe,6280,DAVINASCIMENTO\dadn,0x000009BC,File,R--,C:\Windows\Fonts\cambria.ttc 
steamwebhelper.exe,6280,DAVINASCIMENTO\dadn,0x00000A44,File,R--,C:\Windows\Fonts\YuGothB.ttc 
steamwebhelper.exe,6280,DAVINASCIMENTO\dadn,0x00000A48,File,R--,C:\Windows\Fonts\YuGothL.ttc 
steamwebhelper.exe,6280,DAVINASCIMENTO\dadn,0x00000A4C,File,R--,C:\Windows\Fonts\YuGothM.ttc 
steamwebhelper.exe,6280,DAVINASCIMENTO\dadn,0x00000A50,File,R--,C:\Windows\Fonts\YuGothR.ttc 
steamwebhelper.exe,6280,DAVINASCIMENTO\dadn,0x00000A54,File,R--,C:\Windows\Fonts\YuGothR.ttc 
steamwebhelper.exe,6280,DAVINASCIMENTO\dadn,0x00000B00,File,R--,C:\Windows\Fonts\YuGothR.ttc 
